{
  "accuracy": 0.8848888888888888,
  "classification_report": {
    "0": {
      "precision": 0.9222695035460993,
      "recall": 0.9301859799713877,
      "f1-score": 0.9262108262108262,
      "support": 6990.0
    },
    "1": {
      "precision": 0.7497435897435898,
      "recall": 0.727363184079602,
      "f1-score": 0.7383838383838384,
      "support": 2010.0
    },
    "accuracy": 0.8848888888888888,
    "macro avg": {
      "precision": 0.8360065466448445,
      "recall": 0.8287745820254948,
      "f1-score": 0.8322973322973323,
      "support": 9000.0
    },
    "weighted avg": {
      "precision": 0.8837387161302055,
      "recall": 0.8848888888888888,
      "f1-score": 0.8842627989294656,
      "support": 9000.0
    }
  },
  "confusion_matrix": [
    [
      6502,
      488
    ],
    [
      548,
      1462
    ]
  ]
}